Channel,Q2_Actual_Spend,Q2_Revenue_Generated,ROAS,ROI_%,Profit
CDC+DIGITAL,1728365.0028,2.2297134278068143,1.2900709191603717e-06,-99.99987099290809,-1728362.773086572
CDC+TV,19533470.0,3.727026033664721,1.9080204559992265e-07,-99.99998091979543,-19533466.272973966
